index no,files ,text,xmin,ymin,xmax,ymax,Name,Address,Car Type,Purchase Date,Number of Owners,Accident History,Reason,Kilometer Reading
0,0.png,MH15-TC-554,589,280,694,311,Alison Caldwell,"28 Jai Shri Siddhivinayak Chs Shivaji Ngr Thane , Mumbai, Maharashtra,400601,India",Hatchback ,05-Oct-75,1,No,,317151
1,1.png,MH 02 CB 4545,89,397,254,448,Amanda Waters,"84 Temple Bells K M Munshi Road Chowpatty, Mumbai, Maharashtra,400007,India",Vintage,09-Dec-75,2,Yes,Drunken Driving,960916
2,3.png,KA03 1351,232,318,346,357,Finley Carr,"Jiva Devshi Niwas Ranade Rd Dadar, Mumbai, Maharashtra,400028,India",Off-road vehicles,04-Jun-76,1,No,,736901
3,4.png,TN 06 0 0000,173,31,959,168,Semaj Phelps,"A-468/469 T.t.c.midc Indl. Area Thane Belapur Road Mahape, Mumbai, Maharashtra,400001,India",Convertibles,18-Jun-76,1,No,,158871
4,5.png,KA51MJ8156,125,286,252,319,Malaki Roach,"185 I D A Pashamaylaram Medak Hyderabad, Bangalore, Karnataka,502307,India",Muscle car,02-Jul-77,1,No,,333549
5,6.png,HR 69 6969,248,254,409,297,Paisley Padilla,"234 S.v.road Opp. Railway Station Andheri, Mumbai, Maharashtra,400058,India",Sports car,29-Jul-77,1,No,,352180
6,8.png,TN 07 BU 5427,645,516,892,584,Myah Mahoney,"42 /-a Plot# E C R Road Kottivakkam, Chennai, Tamil Nadu,600041,India",Luxury car,24-Oct-77,2,Yes,Distractions to Driver,360825
7,10.png,KL 55 R 2473,211,163,400,204,Jesse Morales,"156  Opp Remson Co Ganesh Nagar Charkop Kandivli, Mumbai, Maharashtra,400067,India",MUV,13-Dec-77,1,No,,328310
8,11.png,PY 01 BL 1155,352,382,487,430,April Lowe,"Surti Mohalla 16 Tank Street Nagpada, Mumbai, Maharashtra,400008,India", MPV,20-Jan-78,2,No,,849231
9,12.png,MH 20 CS 1941,222,184,430,238,Mariana Underwood,"28  A I D Shukla Estate Shiv Vallabh X Road Dahisar , Mumbai, Maharashtra,400068,India",SUV,21-Jan-78,2,Yes,Break Failure,356431
10,13.png,TS 09 EB 1458,144,244,235,319,Issac Blackwell,"915  th Floor Paigah Plaza Basheerbagh, Hyderabad, Andhra Pradesh,500029,India",Sedan,24-Mar-78,2,No,,576626
11,14.png,PB03AGT8979,174,126,342,170,Russell Gates,"54 rd Floor  Dr D.n Road Fort, Mumbai, Maharashtra,400001,India",Vintage,03-Apr-78,1,No,,304359
12,15.png,DL 7C N 5617,294,356,496,403,Sandra Patrick,"G 7 Sco 1 Faridabad, Delhi, Haryana,121001,India",Off-road vehicles,09-May-78,1,No,,872419
13,16.png,DL 3 CAY 9324,301,267,480,308,Shirley Cordova,"364  Vp Road Girgaon, Mumbai, Maharashtra,400004,India",Convertibles,11-Jun-78,2,No,,551992
14,17.png,TN 74 AH 1413,65,239,173,262,Addisyn Nicholson,"35  Shalimar Gulmohar Cross Road J.v Road Juhu, Mumbai, Maharashtra,400049,India",Muscle car,09-Sep-78,1,Yes,Red Light Jumping,197145
15,18.png,TN 74 F 3339,349,198,423,223,Brice Wilson,"3022  A Bima Complex Kalamboli, Mumbai, Maharashtra,410218,India",Sports car,05-Nov-78,1,No,,909865
16,19.png,HR99BJ 6662,263,247,723,352,Anthony Reynolds,"Shop No 3 Shiv Krupa Commercial Ctr Gokhale Rd Naupada Naupada, Mumbai, Maharashtra,400602,India",Luxury car,25-Nov-78,2,No,,35672
17,20.png,GJW-1-15-A-1138,158,204,336,250,Philip Good,"B/33 Shanti Ganga Apts Opp Rly Station Bhayander, Mumbai, Maharashtra,401101,India",MUV,30-Jan-79,1,No,,604580
18,21.png,DL 12 CG 6648,279,8,501,62,Anne Murphy,"332  / Dinath Bldg Opp Delhi Darbar Hotel Girgaum, Mumbai, Maharashtra,400004,India", MPV,14-Jun-79,2,No,,667390
19,22.png,MH 03 BS 7778,272,517,476,569,Alexus Frederick,"Dr Pareeks Deafness Clinic  Apt No 1 4 Bungalow Nr Signal Andheri , Mumbai, Maharashtra,400058,India",SUV,16-Oct-79,1,Yes,Over Speeding,762380
20,23.png,MH 03 BS 7778,321,430,554,480,Brenna Phillips,"Shop No 12 Samrat ' A ' 314 L J Road Mahim, Mumbai, Maharashtra,400016,India",Sedan,03-Mar-80,1,No,,732192
21,25.png,HR 26 TC 7099,295,178,423,214,Aarav Shannon,"364  Travasso Mansion  Sitla Devi Temple Road Mahim, Mumbai, Maharashtra,400016,India",Hatchback ,05-Apr-80,2,Yes,Drunken Driving,909313
22,26.png,KL 01 KL KL 01,198,227,438,295,Kyle Mathis,"519  Vertex Vikas Near Andheri Stn  Sir M.v.road Andheri , Mumbai, Maharashtra,400069,India",Vintage,20-May-80,2,No,,530317
23,27.png,KL 01 KL 0 KL 01,60,204,216,270,Randy Phillips,"Gandhi Chawk Bazar Peth Kalyan, Mumbai, Maharashtra,421301,India",Off-road vehicles,11-Jul-80,2,No,,583402
24,28.png,KL 31 B 4000,332,171,2338,562,Mohamed Mclaughlin,"37  Pandurang Bohir Chawl Behind New Era Talkiesraipada Malad , Mumbai, Maharashtra,400064,India",Convertibles,09-Sep-80,1,No,,728104
25,29.png,UP 14 CP 6748,185,464,1381,708,Ali Mills,"Shri Krishna Niwas 2nd Bhatwadi Lane C.p.tank, Mumbai, Maharashtra,400004,India",Muscle car,19-May-81,2,No,,488402
26,30.png,GJ 05 JD 9759,270,222,1315,635,Lilah Collins,"23   Kailash Keshal Bldg Vallabhdas Lane Ghatkopar , Mumbai, Maharashtra,400077,India",Sports car,19-Oct-81,1,Yes,Distractions to Driver,552088
27,31.png,KL 02 AF6363,469,284,558,348,Alexa Leonard,"13  Vishwananak Chakala Andheri, Bangalore, Karnataka,400099,India",Luxury car,04-Jan-82,1,No,,671300
28,32.png,KL 45 4455,137,251,258,291,Jesus Lyons,"By Appointment, Palakkad, Kerala,678002,India",MUV,17-May-82,2,No,,643449
29,33.png,TN07BV5200,76,362,236,406,Ashton Parker,"39  Andrewganj Market, Delhi, Delhi,110049,India", MPV,18-Jul-82,1,Yes,Break Failure,254751
30,34.png,MH 20 EE 7597,1208,998,2441,1302,Bailey Poole,"28 -l Laxmi Ind Est New Link Road Andheri , Mumbai, Maharashtra,400072,India",SUV,16-Aug-82,1,No,,824328
31,35.png,MH 14 TCF 459,339,271,537,330,Sean Best,"165 rd Street Gandhipuram Gandhipuram, Coimbatore, Tamil Nadu,641012,India",Sedan,03-Sep-82,1,No,,218809
32,37.png,KA 21 M 5519,130,124,180,155,Toby Mann,"189  A Sant Nagar East Of Kailash, Delhi, Delhi,110065,India",Car Type,22-Oct-82,2,No,,641297
33,38.png,DL-10-NTC-0169,792,478,907,514,Greyson Davies,"Row-3 Villa-4 L I C Colony Mandapeshwar, Mumbai, Maharashtra,400103,India",Hatchback ,18-Mar-83,2,No,,907096
34,39.png,MH 12 DE 1433,3,92,300,150,Rylee Castaneda,"Trade Corner Sakivihar Rd Saki Naka, Mumbai, Maharashtra,400072,India",Convertibles,09-Apr-83,1,Yes,Red Light Jumping,604982
35,40.png,HR.26.BR.9044,160,192,284,235,Billy Pineda,"156  Opp Remson Co Ganesh Nagar Charkop Kandivli, Mumbai, Maharashtra,400067,India",Muscle car,06-May-83,1,No,,147618
36,41.png,KL 16 J 3636,168,249,317,285,Konnor Eaton,"A 107 1 St Flr Durian Estate Goregaon Mulund Link Rd Goregaon, Mumbai, Maharashtra,400063,India",Sports car,03-Oct-83,1,No,,320919
37,42.png,MH 06 AW 8929,26,269,159,323,Abdullah Mathews,"B 303 Pramukh Plaza Cardinals Road Opp P&G Plaza Chakala Andheri East, Mumbai, Maharashtra,400099,India",Luxury car,25-Feb-84,1,No,,377529
38,43.png,TN 37 CF 4902,131,37,469,236,Jack Parker,"Shop No 6 Municipal Market, Delhi, Delhi,110001,India",MUV,03-May-84,2,No,,844304
39,44.png,MH 46 Z 8892,645,470,848,551,Owen Atkinson,"G-2bgr Floor Nariman Bhavan Opp N C P A Nariman Point, Mumbai, Maharashtra,400021,India", MPV,30-May-84,2,Yes,Over Speeding,11675
40,45.png,MK.20.TC.189B,424,172,519,208,Kadence Cunningham,"Shop No A/2 Sai Market 90 Feet Road Netaji Nagarkajupadasakinaka Andheri, Mumbai, Maharashtra,400072,India",SUV,02-Jul-84,2,No,,82132
41,46.png,MH 20 CS 9817,189,295,369,333,Alma Boone,"Room No 6 Adarsh Nagar 1 Shell Colony Rd Nr Adarsh Vidyalaya Chembur, Mumbai, Maharashtra,400071,India",Sedan,24-Jul-84,1,Yes,Drunken Driving,692140
42,47.png,MH 14 EH 7958,404,429,588,472,Zion Dickerson,"Shop No 6 Bldg No B/33 Sector 11 Shanti Nagar Mira Road, Mumbai, Maharashtra,401107,India",Vintage,10-Sep-84,2,No,,76933
43,48.png,TN-02-TC-0143,405,314,1012,511,Rogelio Silva,"48  Harileela Ram Mandir Rd Vile Parle , Mumbai, Maharashtra,400057,India",Off-road vehicles,25-Feb-85,1,No,,867671
44,50.png,MH 14 TCF 460,455,717,648,762,Oliver Cox,"19 /grd Flr Candy Castle Bldg Colaba, Bangalore, Karnataka,400005,India",Hatchback ,17-Mar-85,2,No,,281632
45,51.png,HR.26.CK.8571,388,216,490,248,Clarence Hill,"Unit No 39 Ravi Indl Estate Off Mahakali Caves Road Andheri, Mumbai, Maharashtra,400093,India",Vintage,20-Mar-85,1,No,,655084
46,52.png,GJ 17 TC 214,67,301,168,334,Anya Willis,"90  Swastik Soc. Girish Kunj  North South Road. Vile Parle West , Mumbai, Maharashtra,400056,India",Convertibles,01-Jul-85,1,Yes,Distractions to Driver,211311
47,53.png,MH 20 EE 7601,216,157,344,192,Mayra Caldwell,"50   St Flr /  Rd Bhoiwada Bhuleshwar, Mumbai, Maharashtra,400002,India",Muscle car,25-Aug-85,1,No,,748747
48,54.png,MH 20 EE 7598,108,237,259,277,Saniya Shepherd,"125  Punjani Indl Estate Khopat Thane H.o., Mumbai, Maharashtra,400601,India",Sports car,04-Sep-85,2,No,,444291
49,55.png,MH. 20.TC.640 B,298,187,418,231,Alejandro Scott,"43  A Maya Mahal th Road Dr Ambedkar Road Khar , Mumbai, Maharashtra,400052,India",Luxury car,09-Sep-85,2,Yes,Break Failure,939469
50,57.png,HP 89 6789,167,173,291,235,Kamryn Singleton,"29 // Shabi Complex Sector  Vashi, Mumbai, Maharashtra,400705,India",MUV,23-Apr-86,2,No,,566191
51,58.png,TN 37 CR 4019,115,283,272,347,Steven Vaughan,"28 Jai Shri Siddhivinayak Chs Shivaji Ngr Thane , Mumbai, Maharashtra,400601,India", MPV,12-May-86,2,No,,618087
52,59.png,HR99 EX (TEMP) 6037,151,260,340,297,Jaden Garrett,"84 Temple Bells K M Munshi Road Chowpatty, Mumbai, Maharashtra,400007,India",SUV,18-Aug-86,2,No,,736507
53,60.png,KA 51 AA 3469,830,724,1076,827,Rex Hodges,"Jiva Devshi Niwas Ranade Rd Dadar, Mumbai, Maharashtra,400028,India",Sedan,30-Sep-86,1,No,,67803
54,61.png,KL 07 BF 5000,141,216,273,252,Ronnie Barr,"A-468/469 T.t.c.midc Indl. Area Thane Belapur Road Mahape, Mumbai, Maharashtra,400001,India",Vintage,21-Nov-86,2,Yes,Red Light Jumping,527795
55,62.png,MH 04 EE 2299,96,21,487,245,Jared Wyatt,"185 I D A Pashamaylaram Medak Hyderabad, Bangalore, Karnataka,502307,India",Off-road vehicles,17-Jan-87,1,No,,542604
56,63.png,MH 02 BK 9793,58,200,176,269,Heaven Kirk,"234 S.v.road Opp. Railway Station Andheri, Mumbai, Maharashtra,400058,India",Hatchback ,30-Apr-87,1,No,,155200
57,64.png,RJ 27 TA 1143,75,151,161,177,Kaitlin Reyes,"42 /-a Plot# E C R Road Kottivakkam, Chennai, Tamil Nadu,600041,India",Vintage,08-May-87,1,No,,173740
58,65.png,TN 38 MG 6162,17,37,244,148,Korbin Norris,"156  Opp Remson Co Ganesh Nagar Charkop Kandivli, Mumbai, Maharashtra,400067,India",Off-road vehicles,05-Jul-87,2,No,,685102
59,66.png,WB 07 D 51 06,116,134,325,283,Sherlyn Sanders,"Surti Mohalla 16 Tank Street Nagpada, Mumbai, Maharashtra,400008,India",Convertibles,07-Aug-87,1,Yes,Over Speeding,535619
60,67.png,HR 26 CF 5868,48,208,109,253,Cadence Fernandez,"28  A I D Shukla Estate Shiv Vallabh X Road Dahisar , Mumbai, Maharashtra,400068,India",Muscle car,21-Jan-88,2,No,,83707
61,68.png,KL 13 AA 6340,94,312,204,340,Mollie Moreno,"915  th Floor Paigah Plaza Basheerbagh, Hyderabad, Andhra Pradesh,500029,India",Sports car,05-Feb-88,2,Yes,Drunken Driving,201687
62,69.png,MH 02 BM 5048,159,213,316,251,Raina Lang,"11 -- Himayatnagar, Hyderabad, Andhra Pradesh,500029,India",Luxury car,27-Feb-88,1,No,,265780
63,70.png,MH 13 BN 4348,188,225,283,259,Sebastian Mcknight,"Shop 7 Sainath Estate Mg Rd Nr Dahanukarwadi Kandivali , Mumbai, Maharashtra,400067,India",MUV,11-May-88,1,No,,39454
64,71.png,HR 26 DK 6475,176,261,335,302,Kenya Webster,"Shree Krishna Bhavan Utalsar Thane, Mumbai, Maharashtra,400601,India", MPV,19-May-88,2,No,,657052
65,72.png,DL 10 CG 4693,163,102,369,152,Yosef Campos,"26  Henry Levis Villa Andheri , Mumbai, Maharashtra,400069,India",SUV,22-May-88,1,No,,752697
66,73.png,MH 14 TCE 4,165,192,278,230,Skylar Navarro,"77  Model School Road Thousand Lights, Chennai, Tamil Nadu,600006,India",Sedan,20-Jun-88,1,Yes,Distractions to Driver,511333
67,74.png,MH 04 DW 8351,183,178,321,212,Esther Elliott,"E15/29 Shahu Nagar Mahim, Mumbai, Maharashtra,400016,India",Vintage,14-Oct-88,2,No,,257859
68,75.png,DL 12 C 3536,1274,977,2126,1289,Harrison Ali,"Dhanda House M G Road, Hyderabad, Andhra Pradesh,500003,India",Off-road vehicles,30-Jul-89,1,No,,79850
69,76.png,UP 16 AB 3726,94,216,179,243,Daniela Calhoun,"77  New Bldg Naigaon X Road Dadar, Bangalore, Karnataka,400014,India",Convertibles,07-Jan-90,1,Yes,Break Failure,468816
70,77.png,WB 06F 9209,143,249,276,287,Cassidy Ryan,"G 7 Sco 1 Faridabad, Delhi, Haryana,121001,India",Muscle car,19-Jan-90,2,No,,470852
71,78.png,KL 25B 2001,159,200,315,242,Eve Stout,"364  Vp Road Girgaon, Mumbai, Maharashtra,400004,India",Sports car,22-Jan-90,1,No,,765420
72,79.png,MH 02 AJ 344,508,122,778,226,Estrella Raymond,"35  Shalimar Gulmohar Cross Road J.v Road Juhu, Mumbai, Maharashtra,400049,India",Luxury car,01-Jun-90,1,No,,368174
73,80.png,KA 03 MX 5058,171,168,284,187,Kaya Crane,"3022  A Bima Complex Kalamboli, Mumbai, Maharashtra,410218,India",MUV,19-Sep-90,2,No,,169893
74,82.png,MH 12 DE 1433,178,267,884,420,Marisa Wheeler,"Shop No 3 Shiv Krupa Commercial Ctr Gokhale Rd Naupada Naupada, Mumbai, Maharashtra,400602,India", MPV,15-Dec-90,1,Yes,Red Light Jumping,53024
75,83.png,MH 15 BD 8877,597,459,834,531,Ryan Newton,"B/33 Shanti Ganga Apts Opp Rly Station Bhayander, Mumbai, Maharashtra,401101,India",SUV,10-Apr-91,2,No,,856885
76,84.png,KL 60 N 5344,177,520,313,557,Melany Alvarez,"332  / Dinath Bldg Opp Delhi Darbar Hotel Girgaum, Mumbai, Maharashtra,400004,India",Sedan,18-Jan-92,2,No,,44668
77,85.png,KL 06 H 5834,85,154,326,242,Joyce Mcbride,"Dr Pareeks Deafness Clinic Yashodhan Apt No 1 4 Bungalow Nr Signal Andheri , Mumbai, Maharashtra,400058,India",Hatchback ,26-Apr-92,1,No,,541744
78,87.png,KL 05AK 3300,346,321,449,348,Holly Tanner,"Shop No 12 Samrat ' A ' 314 L J Road Mahim, Mumbai, Maharashtra,400016,India",Vintage,22-Jun-92,1,No,,912076
79,88.png,GJ 01 MW 7581,144,38,348,244,Hayley Pratt,"364  Travasso Mansion  Sitla Devi Temple Road Mahim, Mumbai, Maharashtra,400016,India",Off-road vehicles,08-Jul-92,1,Yes,Over Speeding,807636
80,89.png,KL 07 CB 8599,222,138,334,171,Tamara Anthony,"519  Vertex Vikas Near Andheri Stn  Sir M.v.road Andheri , Mumbai, Maharashtra,400069,India",Convertibles,27-Aug-92,1,No,,636436
81,90.png,TN 28 BA 9999,418,417,597,461,Osvaldo Rangel,"Gandhi Chawk Bazar Peth Kalyan, Mumbai, Maharashtra,421301,India",Muscle car,13-Nov-92,1,Yes,Drunken Driving,496637
82,91.png,TN 38 BY 4191,118,226,240,261,Travis Acosta,"Shop No 6 Bldg No B/33 Sector 11 Shanti Nagar Mira Road, Mumbai, Maharashtra,401107,India",Sports car,11-Dec-92,2,No,,898420
83,92.png,TN 58 AM 1,398,394,580,440,Azaria Castillo,"48  Harileela Ram Mandir Rd Vile Parle , Mumbai, Maharashtra,400057,India",Luxury car,16-Dec-92,2,No,,346552
84,93.png,TN 52 U 1580,156,247,348,301,Ryder Stafford,"19 /grd Flr Candy Castle Bldg Colaba, Bangalore, Karnataka,400005,India",MUV,03-Mar-93,2,No,,333615
85,94.png,KL 01 AU 585,226,179,345,278,Frida Roach,"Unit No 39 Ravi Indl Estate Off Mahakali Caves Road Andheri, Mumbai, Maharashtra,400093,India", MPV,10-Aug-93,1,No,,206207
86,95.png,PB08 CX 2959,168,444,354,491,Keaton Morse,"90  Swastik Soc. Girish Kunj  North South Road. Vile Parle West , Mumbai, Maharashtra,400056,India",SUV,22-Nov-93,2,Yes,Distractions to Driver,239638
87,96.png,CL 31 VL GP,803,631,1073,749,Guillermo Holt,"50   St Flr /  Rd Bhoiwada Bhuleshwar, Mumbai, Maharashtra,400002,India",Sedan,30-Mar-94,1,No,,249079
88,97.png,CL 31 VL GP,991,580,1450,725,Willie Sanford,"125  Punjani Indl Estate Khopat Thane H.o., Mumbai, Maharashtra,400601,India",Car Type,26-Jul-94,2,No,,568657
89,98.png,KA 29 Z 999,926,809,1534,1007,Genevieve Christensen,"43  A Maya Mahal th Road Dr Ambedkar Road Khar , Mumbai, Maharashtra,400052,India",Hatchback ,31-Jul-94,1,Yes,Break Failure,594045
90,99.png,KA 42 TC 13/10-11,315,112,376,143,Joey Wolfe,"29 // Shabi Complex Sector  Vashi, Mumbai, Maharashtra,400705,India",Convertibles,09-Jan-95,1,No,,912402
91,100.png,KL 01AL 1661,626,295,762,351,Deanna Cardenas,"209  G Jumbo Darshan Andheri , Mumbai, Maharashtra,400069,India",Muscle car,31-Jan-95,2,No,,473571
92,101.png,HR 26 BN 0283,160,361,291,426,Reilly Stafford,"106  Trimurti Tower Mahakali Caves Road Opp Home For The Aged Andheri , Mumbai, Maharashtra,400093,India",Sports car,03-Mar-95,1,No,,789022
93,102.png,MH-14-TC-947,67,167,156,194,Mollie Joyce,"30 / Navjivan Society Lamington Rd, Mumbai, Maharashtra,400008,India",Luxury car,24-Mar-95,2,No,,13415
94,103.png,DL 3C AY 2231,295,220,446,258,Carolina George,"268  Wadia Bldg Princess Street New Marine Lines, Mumbai, Maharashtra,400002,India",MUV,07-Apr-95,1,Yes,Red Light Jumping,934185
95,104.png,KL 10 AV 6633,311,447,660,523,Lucy Page,"36  B Satyam Shopping Centre M G Rd Ghatkoper , Mumbai, Maharashtra,400077,India", MPV,15-Apr-95,1,No,,768155
96,105.png,DL 6C AB 123X,344,183,577,235,Patrick Chase,"Liberty, Hyderabad, Andhra Pradesh,500027,India",SUV,21-May-95,1,No,,587843
97,106.png,DL 6C AB 123X,350,206,580,249,Elisabeth Pierce,"97 / Chakira Fly Over Ashoka Park, Delhi, Delhi,110005,India",Sedan,22-Jun-95,1,No,,239656
98,107.png,MH20 BY 4465,130,132,206,153,Kennedi Riley,"469  n S R Road N S R Rdsaibaba Colony, Coimbatore, Tamil Nadu,641011,India",Vintage,21-Sep-95,2,No,,660835
99,108.png,KL 48H 9383,40,17,238,50,Abbigail Bryan,"98  Thayar Sahib St Anna Road Ho, Chennai, Tamil Nadu,600002,India",Off-road vehicles,21-Oct-95,2,Yes,Over Speeding,232569
100,109.png,MH.20.EU 9991,149,120,254,173,Laylah Dickson,"Raj Mahal Apt Altamount Road Kemps Corner, Mumbai, Maharashtra,400026,India",Hatchback ,08-Jun-96,1,No,,967847
101,110.png,KL 08 T 7253,42,13,235,48,Clinton Castaneda,"Pattani House 425 Kalbadevi Road Kalbadevi, Mumbai, Maharashtra,400002,India",Vintage,20-Jun-96,1,Yes,Drunken Driving,874851
102,111.png,KL 08  BH 6265,42,14,237,47,Taylor Singh,"33  Daulat Sagar  Nehru Road Santa Cruz , Mumbai, Maharashtra,400055,India",Convertibles,09-Jul-96,2,No,,407933
103,112.png,DL 7S BS 6930,146,86,349,199,Fatima Porter,"Plot No 101 Okara House Sector 19 / C Vashi Navi Mumbai, Mumbai, Maharashtra,400705,India",Muscle car,18-Aug-96,2,No,,891356
104,113.png,TN 19K 9318,94,890,2397,1359,Bradley Weiss,"308  nd Floor   Sant Niwas Bldg S B S Rd, Mumbai, Maharashtra,400001,India",Sports car,04-Nov-96,1,No,,629671
105,114.png,UP 65 CM 21149,353,191,571,268,Lance Wilson,"180  Amargial Complex Thane H.o., Mumbai, Maharashtra,400601,India",Luxury car,19-Jan-97,2,No,,986330
106,116.png,KA 05 HS 4495,89,155,626,372,Valentina Mayo,"Shop No 1 Plot No 3 Type Bldg Sector 15 Nerul Navi Mumbai, Mumbai, Maharashtra,400706,India",MUV,27-Feb-97,2,Yes,Distractions to Driver,374650
107,117.png,KL.07 BF. 2007,516,771,804,926,Aubree Scott,"50 / Prabhadevi Indl Estate Near Siddhivinayak Temple Prabhadevi, Mumbai, Maharashtra,400025,India", MPV,31-Mar-97,2,No,,61287
108,118.png,WB 74X 7605,232,203,313,231,Danika Wade,"Unit No-9 162 Janata Indl Estate S B Marg Lower Parel, Mumbai, Maharashtra,400013,India",SUV,17-Aug-97,2,No,,894249
109,120.png,TN 40 K 7500,102,39,526,315,Roman Durham,"109  nd Cross th Main Near Syndicate Bank Gandhi Nagar, Bangalore, Karnataka,560009,India",Sedan,12-Sep-97,2,Yes,Break Failure,644323
110,121.png,TN 66 U 8215,64,101,383,190,Jordon Price,"90 / Punjab Industrial Est Thane, Mumbai, Maharashtra,400601,India",Vintage,30-Sep-97,1,No,,573851
111,122.png,MH12 AK 5600,26,177,360,399,Paris Harmon,"E1691 Rohini, Delhi, Delhi,110085,India",Off-road vehicles,08-Dec-97,2,No,,907485
112,123.png,TN 02AH 4432,119,212,699,293,Shaun Newton,"H-122 Kismat Bldg Opp Sassoon Dock Sbs Road Colaba, Mumbai, Maharashtra,400005,India",Hatchback ,20-Aug-98,1,No,,80792
113,124.png,KL 65 E 1000,92,58,474,317,Meadow Barton,"46 rd  Raval  Lamington Road Grant Road , Mumbai, Maharashtra,400004,India",Vintage,18-Nov-98,1,No,,159623
114,125.png,MH 01 AE  8017,64,144,421,267,Emiliano Rogers,"122  Free Press House Free Press Journal Marg Nariman Point, Mumbai, Maharashtra,400021,India",Off-road vehicles,20-Dec-98,1,Yes,Red Light Jumping,374803
115,126.png,TN 02 BL 9,193,366,371,409,Myah Mora,"8  Zaveri Bldg D.j. Road Opp Vile Parle Station Vile Parle , Mumbai, Maharashtra,400056,India",Convertibles,08-Apr-99,2,No,,899758
116,127.png,TN 42 R  2697,77,87,561,173,Gordon Mills,"1020 /  Indra Prakash Building Barakhamba Road Connaught Place, Delhi, Delhi,110001,India",Muscle car,01-May-99,2,No,,678356
117,128.png,TN 42 R  2697,125,139,506,302,Kaylie Barron,"45 -d Laxmi Estate S Radhakrishnan Marg J B Nagar Andheri , Mumbai, Maharashtra,400059,India",Sports car,27-Aug-99,1,No,,159564
118,129.png,TN 42 R  2697,209,145,353,228,Jefferson Melendez,"75  National India Bldg st Flr  Dr V B Gandhi Rd Above Rhythm House Fort, Mumbai, Maharashtra,400023,India",Luxury car,14-Oct-99,1,No,,381895
119,130.png,TN 43 J 0158,159,149,303,226,Malia Rivers,"Plot.no.784 Sector-1 Airoli Naka Building Airoli, Mumbai, Maharashtra,400708,India",MUV,28-Nov-99,2,Yes,Over Speeding,794306
120,131.png,TS 08 ER 1643,33,70,462,166,Emma Hart,"A-468/469 T.t.c.midc Indl. Area Thane Belapur Road Mahape, Mumbai, Maharashtra,400001,India", MPV,18-Mar-00,2,No,,79032
121,132.png,KL 09 AL  9405,155,171,327,208,Kassidy Mitchell,"185 I D A Pashamaylaram Medak Hyderabad, Bangalore, Karnataka,502307,India",SUV,18-Apr-00,1,Yes,Drunken Driving,261548
122,133.png, ,74,49,412,127,Beckett Fields,"234 S.v.road Opp. Railway Station Andheri, Mumbai, Maharashtra,400058,India",Sedan,19-Apr-00,1,No,,31815
123,134.png,HR 26 BA 8008,14,44,205,116,Shaniya Fleming,"42 /-a Plot# E C R Road Kottivakkam, Chennai, Tamil Nadu,600041,India",Vintage,04-Jun-00,2,No,,426041
124,135.png,MH 02 CT 2727,276,334,473,385,Landyn Bates,"156  Opp Remson Co Ganesh Nagar Charkop Kandivli, Mumbai, Maharashtra,400067,India",Off-road vehicles,02-Oct-00,1,No,,799116
125,136.png, ,135,140,303,172,Kenny Williams,"Surti Mohalla 16 Tank Street Nagpada, Mumbai, Maharashtra,400008,India",Convertibles,14-Jul-01,1,No,,736123
126,137.png,MH 20 BY 3665,186,116,321,150,Cael Donovan,"28  A I D Shukla Estate Shiv Vallabh X Road Dahisar , Mumbai, Maharashtra,400068,India",Muscle car,20-Feb-02,2,Yes,Distractions to Driver,625398
127,138.png,GJ 1 KF 1111,451,275,629,342,Paloma Mercer,"915  th Floor Paigah Plaza Basheerbagh, Hyderabad, Andhra Pradesh,500029,India",Sports car,08-Mar-02,1,No,,887306
128,140.png,TN 09 CH 7770,169,101,279,133,Maya Pham,"37  Pandurang Bohir Chawl Behind New Era Talkiesraipada Malad , Mumbai, Maharashtra,400064,India",Luxury car,10-Mar-02,1,No,,750597
129,141.png,KL 43 B 2344,165,163,336,196,Philip Delgado,"Shri Krishna Niwas 2nd Bhatwadi Lane C.p.tank, Mumbai, Maharashtra,400004,India",MUV,06-Apr-02,2,Yes,Break Failure,126678
130,142.png,DL49 AK49,62,28,458,109,Kinsley Hubbard,"23   Kailash Keshal Bldg Vallabhdas Lane Ghatkopar , Mumbai, Maharashtra,400077,India", MPV,05-May-02,2,No,,931920
131,143.png,AP 02 BP 2454,232,185,359,224,Samantha Mueller,"13  Vishwananak Chakala Andheri, Bangalore, Karnataka,400099,India",SUV,01-Nov-02,2,No,,485114
132,144.png,AP 28 N 3107,204,213,293,247,Brooks Mcguire,"1020 /  Indra Prakash Building Barakhamba Road Connaught Place, Delhi, Delhi,110001,India",Sedan,03-Nov-02,1,No,,98772
133,145.png,MP 09 CP 9052,208,290,337,352,Josue Hanna,"45 -d Laxmi Estate S Radhakrishnan Marg J B Nagar Andheri , Mumbai, Maharashtra,400059,India",Hatchback ,18-Mar-03,1,No,,318649
134,146.png,TN5 9 AQ  1515,119,167,241,206,Yadira Boone,"75  National India Bldg st Flr  Dr V B Gandhi Rd Above Rhythm House Fort, Mumbai, Maharashtra,400023,India",Vintage,28-Mar-03,1,Yes,Red Light Jumping,617301
135,147.png,KA 03 AB 3380,145,281,296,326,Tamara Guerrero,"By Appointment, Palakkad, Kerala,678002,India",Off-road vehicles,12-Oct-03,2,No,,621323
136,148.png,HR 99 HA (TEMP.) 4575,171,225,3025,258,Tess Kemp,"64 / Double Storey Ashok Nagar Flyover Tilak Nagar, Delhi, Delhi,110018,India",Convertibles,18-Oct-03,2,No,,941378
137,149.png,MH 06 AW 8929,188,279,361,323,Colton Turner,"A 25 Eva Bldg Juhu Tara Rd Juhu, Mumbai, Maharashtra,400049,India",Muscle car,19-Nov-03,1,No,,722614
138,150.png,HR 26 CT 4063,137,314,299,348,Elijah Ware,"209  G Jumbo Darshan Andheri , Mumbai, Maharashtra,400069,India",Sports car,06-Feb-04,1,No,,661658
139,151.png,HR 26 DA 2330,28,213,143,244,Darwin Haynes,"106  Trimurti Tower Mahakali Caves Road Opp Home For The Aged Andheri , Mumbai, Maharashtra,400093,India",Luxury car,03-May-04,2,Yes,Over Speeding,376165
140,152.png,HR 26 TC 5656,225,162,309,184,Leonard Thornton,"30 / Navjivan Society Lamington Rd, Mumbai, Maharashtra,400008,India",MUV,12-May-04,2,No,,91943
141,153.png,KL 10 AV 6633,152,144,370,183,Donte Meza,"268  Wadia Bldg Princess Street New Marine Lines, Mumbai, Maharashtra,400002,India", MPV,09-Jul-04,2,Yes,Drunken Driving,952255
142,154.png,HR 26 DA 5443,635,332,738,380,Emma Arroyo,"36  B Satyam Shopping Centre M G Rd Ghatkoper , Mumbai, Maharashtra,400077,India",SUV,20-Aug-04,2,No,,606637
143,155.png,KL 10 AW 2111,184,223,338,256,Salvador Ortega,"Liberty, Hyderabad, Andhra Pradesh,500027,India",Sedan,11-Sep-04,1,No,,742254
144,156.png,KL 10 AW 2814,109,216,413,265,Jordin Santiago,"97 / Chakira Fly Over Ashoka Park, Delhi, Delhi,110005,India",Car Type,18-Sep-04,2,No,,316320
145,157.png,KL 10 AW 2814,327,308,669,375,Charlee Perez,"469  n S R Road N S R Rdsaibaba Colony, Coimbatore, Tamil Nadu,641011,India",Hatchback ,07-Dec-04,2,No,,956976
146,158.png,HR 26 CH 3604,206,138,341,167,Alena Price,"98  Thayar Sahib St Anna Road Ho, Chennai, Tamil Nadu,600002,India",Convertibles,09-Dec-04,2,Yes,Distractions to Driver,355301
147,159.png,HR 26 DA 0471,157,227,313,269,Caden Gregory,"Raj Mahal Apt Altamount Road Kemps Corner, Mumbai, Maharashtra,400026,India",Muscle car,02-Jan-05,1,No,,954102
148,160.png,HP  SX 4000,148,267,401,327,Juliet Norton,"Pattani House 425 Kalbadevi Road Kalbadevi, Mumbai, Maharashtra,400002,India",Sports car,31-Oct-05,1,No,,664943
149,161.png,HR 26 BP 3543,187,271,332,303,Aidan Madden,"33  Daulat Sagar  Nehru Road Santa Cruz , Mumbai, Maharashtra,400055,India",Luxury car,11-Dec-05,1,Yes,Break Failure,779218
150,162.png,KL 10 AV 6342,143,253,334,299,Aidyn Carlson,"Plot No 101 Okara House Sector 19 / C Vashi Navi Mumbai, Mumbai, Maharashtra,400705,India",MUV,31-Oct-06,1,No,,722179
151,163.png,KA 04 ME 9869,119,101,181,134,Ashleigh Alexander,"308  nd Floor   Sant Niwas Bldg S B S Rd, Mumbai, Maharashtra,400001,India", MPV,12-Nov-06,1,No,,436730
152,164.png,KA 51 MJ 2143,121,263,221,291,Elias Michael,"180  Amargial Complex Thane H.o., Mumbai, Maharashtra,400601,India",SUV,05-Dec-06,1,No,,765089
153,166.png,HR 26 CM 6005,195,234,385,270,Paul Vang,"Shop No 1 Plot No 3 Type Bldg Sector 15 Nerul Navi Mumbai, Mumbai, Maharashtra,400706,India",Sedan,21-Feb-07,2,No,,956098
154,167.png,KL 10 AV 6342,339,256,827,397,Ty Benitez,"50 / Prabhadevi Indl Estate Near Siddhivinayak Temple Prabhadevi, Mumbai, Maharashtra,400025,India",Vintage,20-Jan-08,1,Yes,Red Light Jumping,206287
155,168.png,HR 26 U 7501,362,192,566,291,Gracie Matthews,"Unit No-9 162 Janata Indl Estate S B Marg Lower Parel, Mumbai, Maharashtra,400013,India",Off-road vehicles,27-Feb-08,1,No,,741977
156,169.png,TN 02 BH 8667,92,137,278,219,Kailey Stafford,"109  nd Cross th Main Near Syndicate Bank Gandhi Nagar, Bangalore, Karnataka,560009,India",Hatchback ,24-Apr-08,1,No,,405987
157,170.png,TN 66 T 5836,64,70,330,428,Lena Sandoval,"90 / Punjab Industrial Est Thane, Mumbai, Maharashtra,400601,India",Vintage,07-Jul-08,1,No,,101899
158,171.png,KL 49 H 5270,407,286,723,444,Madelyn Page,"E1691 Rohini, Delhi, Delhi,110085,India",Convertibles,23-Jul-08,1,No,,406249
159,172.png,HR26BU0375,1005,612,1264,682,Dean Patton,"156  Opp Remson Co Ganesh Nagar Charkop Kandivli, Mumbai, Maharashtra,400067,India",Muscle car,19-Oct-08,1,Yes,Over Speeding,369023
160,174.png,TN 99 F 2378,100,26,219,55,Kayley Hester,"A 107 1 St Flr Durian Estate Goregaon Mulund Link Rd Goregaon, Mumbai, Maharashtra,400063,India",Sports car,14-Nov-08,1,No,,311650
161,175.png,HR26DK0830,351,243,492,288,Alayna Farmer,"B 303 Pramukh Plaza Cardinal Gracious Road Opp P&G Plaza Chakala Andheri East, Mumbai, Maharashtra,400099,India",Luxury car,12-Jan-09,2,Yes,Drunken Driving,916077
162,176.png,HR 26 CT 6702,251,377,409,416,Jadiel Bryan,"Shop No 6 Municipal Market, Delhi, Delhi,110001,India",MUV,22-Apr-09,1,No,,466749
163,177.png,1,226,168,309,225,Adrian Jackson,"G-2bgr Floor Nariman Bhavan Opp N C P A Nariman Point, Mumbai, Maharashtra,400021,India", MPV,05-Jul-09,1,No,,93810
164,178.png,KA 18 MH3,20,54,312,142,Kathryn Sloan,"Shop No A/2 Sai Market 90 Feet Road Netaji Nagarkajupadasakinaka Andheri , Mumbai, Maharashtra,400072,India",SUV,16-Jul-09,1,No,,666156
165,179.png,MH14 GN 9239,368,317,555,403,Joslyn Rangel,"Room No 6 Adarsh Nagar 1 Shell Colony Rd Nr Adarsh Vidyalaya Chembur, Mumbai, Maharashtra,400071,India",Sedan,01-Aug-09,1,No,,187605
166,180.png,HR26DG6167,235,146,423,195,Paul Miller,"37  Pandurang Bohir Chawl Behind New Era Talkiesraipada Malad , Mumbai, Maharashtra,400064,India",Vintage,24-Sep-09,1,Yes,Distractions to Driver,684161
167,181.png,GJ07BR1336,46,94,246,166,Makenna Higgins,"Shri Krishna Niwas 2nd Bhatwadi Lane C.p.tank, Mumbai, Maharashtra,400004,India",Off-road vehicles,16-Oct-09,2,No,,74345
168,182.png,KL 38 F 5008,733,585,1591,978,Adrianna Stokes,"23   Kailash Keshal Bldg Vallabhdas Lane Ghatkopar , Mumbai, Maharashtra,400077,India",Hatchback ,30-Oct-09,1,No,,227425
169,184.png,KL 01 BR 8055,63,23,476,119,Roland Collins,"13  Vishwananak Chakala Andheri, Bangalore, Karnataka,400099,India",Vintage,14-Dec-09,2,Yes,Break Failure,925402
170,185.png,KL01CA2555,251,129,420,172,Madyson Wolfe,"By Appointment, Palakkad, Kerala,678002,India",Off-road vehicles,17-Dec-09,1,No,,821294
171,186.png,KL 01 CC 50,236,96,427,156,Erin Cowan,"Shop No 6 Bldg No B/33 Sector 11 Shanti Nagar Mira Road, Mumbai, Maharashtra,401107,India",Convertibles,07-Mar-10,2,No,,453524
172,187.png,TN 54 F 8055,228,217,476,472,Jeffrey Hernandez,"48  Harileela Ram Mandir Rd Vile Parle , Mumbai, Maharashtra,400057,India",Muscle car,14-Apr-10,1,No,,34360
173,188.png,KA 01 D 1330,152,195,249,219,Josiah Dickerson,"19 /grd Flr Candy Castle Bldg Colaba, Bangalore, Karnataka,400005,India",Sports car,11-Oct-10,2,No,,167882
174,189.png,KA 01 MA 6989,42,127,104,158,Londyn Kane,"Unit No 39 Ravi Indl Estate Off Mahakali Caves Road Andheri, Mumbai, Maharashtra,400093,India",Luxury car,16-Nov-10,2,Yes,Red Light Jumping,612232
175,190.png,GJ7 BB 7666,245,272,309,310,Kymani Bradley,"90  Swastik Soc. Girish Kunj  North South Road. Vile Parle West , Mumbai, Maharashtra,400056,India",MUV,01-Sep-11,2,No,,667835
176,191.png,MH 20 BN 3525,407,453,581,502,Joyce Holt,"50   St Flr /  Rd Bhoiwada Bhuleshwar, Mumbai, Maharashtra,400002,India", MPV,29-Nov-11,2,No,,64202
177,193.png,MH 01 AR 5274,320,254,470,293,Darian Zavala,"125  Punjani Indl Estate Khopat Thane H.o., Mumbai, Maharashtra,400601,India",SUV,29-Mar-12,1,No,,81039
178,194.png,MH 20 CS 1938,182,209,247,229,Desmond Cantrell,"43  A Maya Mahal th Road Dr Ambedkar Road Khar , Mumbai, Maharashtra,400052,India",Sedan,09-Apr-12,1,No,,776860
179,195.png,MH 20 EE 7598,179,263,344,292,Mylie Chen,"29 // Shabi Complex Sector  Vashi, Mumbai, Maharashtra,400705,India",Vintage,08-May-12,1,Yes,Over Speeding,753083
180,196.png,MH20DJ0419,108,160,244,200,Jolie Sanders,"39  Andrewganj Market, Delhi, Delhi,110049,India",Off-road vehicles,12-Jun-12,2,No,,797488
181,197.png,MH 20 EE 0943,215,280,334,312,Maximilian Holt,"28 -l Laxmi Ind Est New Link Road Andheri , Mumbai, Maharashtra,400072,India",Convertibles,01-Aug-12,1,Yes,Drunken Driving,470453
182,198.png,MH 20 DV 2362,208,192,384,231,Fiona Schneider,"165 rd Street Gandhipuram Gandhipuram, Coimbatore, Tamil Nadu,641012,India",Muscle car,23-Aug-12,1,No,,861114
183,199.png,MH 20 CS 4946,238,187,347,214,Parker Vazquez,"189  A Sant Nagar East Of Kailash, Delhi, Delhi,110065,India",Sports car,28-Oct-12,1,No,,213893
184,200.png,KL 12 G 7531,810,246,1029,302,Adriel Webster,"Row-3 Villa-4 L I C Colony Mandapeshwar, Mumbai, Maharashtra,400103,India",Luxury car,08-Dec-12,1,No,,265506
185,201.png,KL 7 BZ 99,190,215,537,312,Dakota Farley,"Trade Corner Sakivihar Rd Saki Naka, Mumbai, Maharashtra,400072,India",MUV,03-Jan-13,2,No,,380094
186,202.png,TN 45 BA 1065,118,85,221,114,Aidyn Collins,"11 -- Himayatnagar, Hyderabad, Andhra Pradesh,500029,India", MPV,18-Jan-13,1,Yes,Distractions to Driver,595347
187,203.png,KL 54 H 369,342,948,597,1013,Cody Porter,"Shop 7 Sainath Estate Mg Rd Nr Dahanukarwadi Kandivali , Mumbai, Maharashtra,400067,India",SUV,09-Mar-13,2,No,,237338
188,204.png,KL 53E 964,549,389,750,460,Andrea Molina,"Shree Krishna Bhavan Utalsar Thane, Mumbai, Maharashtra,400601,India",Sedan,07-Jun-13,2,No,,102274
189,205.png,MH 02 BW2586,55,12,241,194,Lea Pineda,"26  Henry Levis Villa Andheri , Mumbai, Maharashtra,400069,India",Hatchback ,23-Nov-13,1,Yes,Break Failure,178137
190,206.png,DL 13S 0155,236,183,287,222,Rory Schmidt,"77  Model School Road Thousand Lights, Chennai, Tamil Nadu,600006,India",Vintage,15-Mar-14,1,No,,642817
191,207.png,KA03NA8385,93,141,183,165,Daisy Espinoza,"E15/29 Shahu Nagar Mahim, Mumbai, Maharashtra,400016,India",Off-road vehicles,04-Nov-14,1,No,,715025
192,208.png,KL 20 K 7561,176,275,315,322,Katelyn Jones,"Dhanda House M G Road, Hyderabad, Andhra Pradesh,500003,India",Convertibles,15-Nov-14,2,No,,907207
193,209.png,UP 65 CM 4149,134,135,226,184,Makena Sheppard,"77  New Bldg Naigaon X Road Dadar, Bangalore, Karnataka,400014,India",Muscle car,19-Nov-14,2,No,,673688
194,210.png,MH-14-TCD-204,200,201,272,224,Kailey Davies,"H-122 Kismat Bldg Opp Sassoon Dock Sbs Road Colaba, Mumbai, Maharashtra,400005,India",Sports car,07-Dec-14,1,Yes,Red Light Jumping,108461
195,211.png,MH 14EH5819,564,210,676,233,Gillian Crawford,"46 rd  Raval  Lamington Road Grant Road , Mumbai, Maharashtra,400004,India",Luxury car,03-Mar-15,2,No,,493960
196,212.png,MH 14 ET5972,19,253,89,313,Jovanni Jordan,"122  Free Press House Free Press Journal Marg Nariman Point, Mumbai, Maharashtra,400021,India",MUV,22-Mar-15,1,No,,941676
197,213.png,MH 14 EP 4660,255,200,370,223,Jaylee Haynes,"8  Zaveri Bldg D.j. Road Opp Vile Parle Station Vile Parle , Mumbai, Maharashtra,400056,India", MPV,29-Apr-15,2,No,,771922
198,214.png,MH 14DT 8831,110,230,383,289,Brooklynn Valenzuela,"1020 /  Indra Prakash Building Barakhamba Road Connaught Place, Delhi, Delhi,110001,India",SUV,21-Jun-15,2,No,,413649
199,215.png,MH14 TCF 300,255,241,358,299,Lailah Frost,"45 -d Laxmi Estate S Radhakrishnan Marg J B Nagar Andheri , Mumbai, Maharashtra,400059,India",Sedan,13-Oct-15,2,Yes,Over Speeding,592460
200,216.png,MH01 AV8866,171,224,273,246,Abbie Booker,"75  National India Bldg st Flr  Dr V B Gandhi Rd Above Rhythm House Fort, Mumbai, Maharashtra,400023,India",Car Type,18-Apr-16,2,No,,450648
201,217.png,TN5 9 AQ 1515,120,159,245,203,Ayden Porter,"Plot.no.784 Sector-1 Airoli Naka Building Airoli, Mumbai, Maharashtra,400708,India",Hatchback ,25-Jul-16,1,Yes,Drunken Driving,554920
202,218.png,MH15-TC-554,364,172,429,196,Leslie Simmons,"A1 Anupam Building L B S Marg W I Coop Society Ghatkopar , Mumbai, Maharashtra,400086,India",Convertibles,18-Nov-16,1,No,,610763
203,219.png,MH14TC206/AN,147,73,440,154,Ashly Yoder,"G 7 Sco 1 Faridabad, Delhi, Haryana,121001,India",Muscle car,28-Feb-17,1,No,,732578
204,220.png,MH12JC2813,174,207,363,250,Abbigail Krueger,"364  Vp Road Girgaon, Mumbai, Maharashtra,400004,India",Sports car,19-Jul-17,2,No,,483162
205,221.png,TN07BU5427,67,231,241,274,Darwin Gaines,"35  Shalimar Gulmohar Cross Road J.v Road Juhu, Mumbai, Maharashtra,400049,India",Luxury car,16-Oct-17,2,No,,140956
206,222.png,MH03BS7778,157,133,392,189,Yahir Rojas,"3022  A Bima Complex Kalamboli, Mumbai, Maharashtra,410218,India",MUV,17-Dec-17,1,Yes,Distractions to Driver,845185
207,223.png,MH14EU3498,176,95,370,146,Jensen Butler,"Shop No 3 Shiv Krupa Commercial Ctr Gokhale Rd Naupada Naupada, Mumbai, Maharashtra,400602,India", MPV,06-Jan-18,2,No,,871890
208,224.png,MH 20 EE 7597,164,136,332,175,Ximena Chen,"B/33 Shanti Ganga Apts Opp Rly Station Bhayander, Mumbai, Maharashtra,401101,India",SUV,13-Apr-18,2,No,,766884
209,225.png,DL 1N 4268,156,99,366,215,Maren Mosley,"332  / Dinath Bldg Opp Delhi Darbar Hotel Girgaum, Mumbai, Maharashtra,400004,India",Sedan,08-May-18,1,Yes,Break Failure,47517
210,226.png,MH 14EH 7958,160,260,328,299,Kristopher Dudley,"Dr Pareeks Deafness Clinic Yashodhan Apt No 1 4 Bungalow Nr Signal Andheri , Mumbai, Maharashtra,400058,India",Vintage,10-Sep-18,1,No,,73698
211,227.png,MH 14 TCF 460,196,321,375,358,Janiyah Petersen,"Shop No 12 Samrat ' A ' 314 L J Road Mahim, Mumbai, Maharashtra,400016,India",Off-road vehicles,20-Sep-18,1,No,,906207
212,228.png,MH 20 EE 0 45,248,116,363,146,Ariel Cervantes,"364  Travasso Mansion  Sitla Devi Temple Road Mahim, Mumbai, Maharashtra,400016,India",Hatchback ,05-Apr-19,2,No,,371030
213,229.png,TN 38 BW 1139,147,145,344,188,Kelly Schaefer,"519  Vertex Vikas Near Andheri Stn  Sir M.v.road Andheri , Mumbai, Maharashtra,400069,India",Vintage,01-Jun-19,2,No,,823812
214,230.png,TN 74 AL 5074,182,133,381,180,Reuben Bond,"Gandhi Chawk Bazar Peth Kalyan, Mumbai, Maharashtra,421301,India",Convertibles,11-Jul-19,1,Yes,Red Light Jumping,39757
215,231.png,KL01AX8000,155,164,303,202,Greyson Crawford,"37  Pandurang Bohir Chawl Behind New Era Talkiesraipada Malad , Mumbai, Maharashtra,400064,India",Muscle car,05-Aug-19,1,No,,69206
216,232.png,KL 60N 5344,53,201,183,231,Kyleigh Oneill,"Shri Krishna Niwas 2nd Bhatwadi Lane C.p.tank, Mumbai, Maharashtra,400004,India",Sports car,15-Oct-19,2,No,,981217
217,233.png,PB08 CX 2959,131,351,276,384,Jovanny Goodwin,"23   Kailash Keshal Bldg Vallabhdas Lane Ghatkopar , Mumbai, Maharashtra,400077,India",Luxury car,12-Nov-19,2,No,,954799
218,234.png,KA 29 Z 999,162,224,333,262,Dean Diaz,"13  Vishwananak Chakala Andheri, Bangalore, Karnataka,400099,India",MUV,17-Nov-19,2,No,,49182
219,235.png,KA19/TR02/2010-2011,144,215,337,260,Sincere Hartman,"By Appointment, Palakkad, Kerala,678002,India", MPV,21-Jan-20,1,Yes,Over Speeding,265965
220,236.png,MH 20BY3665,47,55,177,84,Jazlyn Gates,"64 / Double Storey Ashok Nagar Flyover Tilak Nagar, Delhi, Delhi,110018,India",SUV,15-Aug-20,2,No,,871082
221,237.png,MH 01 BU 5207,148,214,377,258,Adyson Bender,"A 25 Eva Bldg Juhu Tara Rd Juhu, Mumbai, Maharashtra,400049,India",Sedan,05-Oct-20,1,Yes,Drunken Driving,201285
222,238.png,UP 16 TC1366,202,108,346,148,Mathias Hooper,"209  G Jumbo Darshan Andheri , Mumbai, Maharashtra,400069,India",Vintage,23-Nov-20,2,No,,950632
223,239.png,HR 26 DA 0471,106,153,206,180,Fisher Mills,"106  Trimurti Tower Mahakali Caves Road Opp Home For The Aged Andheri , Mumbai, Maharashtra,400093,India",Off-road vehicles,29-Nov-20,1,No,,174170
224,240.png,HR 26 CR 3302,122,123,211,146,Emilee Schmidt,"30 / Navjivan Society Lamington Rd, Mumbai, Maharashtra,400008,India",Hatchback ,02-Dec-20,2,No,,246492
225,241.png,HR26 BP3543,111,155,251,181,Bentley Willis,"268  Wadia Bldg Princess Street New Marine Lines, Mumbai, Maharashtra,400002,India",Vintage,29-May-16,2,No,,245906
226,242.png,HR 26 CT 6702,152,169,303,204,Alvin Mcintosh,"36  B Satyam Shopping Centre M G Rd Ghatkoper , Mumbai, Maharashtra,400077,India",Off-road vehicles,20-Jun-16,1,Yes,Distractions to Driver,166283
227,243.png,WOB NP 300,32,130,136,159,Edgar Miranda,"Liberty, Hyderabad, Andhra Pradesh,500027,India",Convertibles,19-Oct-16,1,No,,944248
228,244.png,MH 20 BN 3525,189,240,340,275,Amari Carpenter,"97 / Chakira Fly Over Ashoka Park, Delhi, Delhi,110005,India",Muscle car,28-Oct-16,2,No,,634407
229,245.png,MH 01 AR 5274,200,163,297,184,Laney Daugherty,"469  n S R Road N S R Rdsaibaba Colony, Coimbatore, Tamil Nadu,641011,India",Sports car,13-Apr-17,1,Yes,Break Failure,996975
230,246.png,MH 20 CS 1941,182,214,297,237,Warren Mathews,"98  Thayar Sahib St Anna Road Ho, Chennai, Tamil Nadu,600002,India",Luxury car,14-Jul-17,1,No,,530241
231,247.png,MH20CS1938,182,208,247,229,Marcel Rowland,"Raj Mahal Apt Altamount Road Kemps Corner, Mumbai, Maharashtra,400026,India",MUV,07-Aug-17,2,No,,844911
232,248.png,MH 14 DT 8831,36,39,334,98,Billy Cooley,"Pattani House 425 Kalbadevi Road Kalbadevi, Mumbai, Maharashtra,400002,India", MPV,11-Aug-17,1,No,,758691
233,249.png,RJ09CB4382,101,106,149,121,Jamari Wise,"33  Daulat Sagar  Nehru Road Santa Cruz , Mumbai, Maharashtra,400055,India",SUV,18-Sep-17,1,No,,404580
234,250.png,RJ02CC0784,102,262,192,284,Yahir Mcpherson,"Plot No 101 Okara House Sector 19 / C Vashi Navi Mumbai, Mumbai, Maharashtra,400705,India",Sedan,13-Dec-17,1,Yes,Red Light Jumping,163017
235,252.png,TN 21 AU 7234,104,184,165,198,Ashlyn Salinas,"308  nd Floor   Sant Niwas Bldg S B S Rd, Mumbai, Maharashtra,400001,India",Vintage,29-Dec-17,1,No,,799018
236,255.png,KA 18 P  2987,1328,1710,1795,1859,Elizabeth Richard,"180  Amargial Complex Thane H.o., Mumbai, Maharashtra,400601,India",Off-road vehicles,22-Jan-18,1,No,,868521
237,256.png,KA 18 P  2987,247,803,408,885,Jovanny Page,"Shop No 1 Plot No 3 Type Bldg Sector 15 Nerul Navi Mumbai, Mumbai, Maharashtra,400706,India",Convertibles,24-Mar-18,1,No,,648527
238,257.png,KA 05 MQ 92,401,271,462,305,Elsie Hudson,"50 / Prabhadevi Indl Estate Near Siddhivinayak Temple Prabhadevi, Mumbai, Maharashtra,400025,India",Muscle car,12-Oct-18,1,No,,579551
239,258.png,MH 46 X 9996,194,319,330,353,Leon Lowery,"Unit No-9 162 Janata Indl Estate S B Marg Lower Parel, Mumbai, Maharashtra,400013,India",Sports car,20-Oct-18,2,Yes,Over Speeding,911206
240,259.png,TN 19 (TC) 91,278,513,483,572,Moshe Hansen,"109  nd Cross th Main Near Syndicate Bank Gandhi Nagar, Bangalore, Karnataka,560009,India",Luxury car,03-Dec-18,1,No,,957897
241,260.png,TN 19 TC 94,633,305,790,372,Jonathon Buckley,"90 / Punjab Industrial Est Thane, Mumbai, Maharashtra,400601,India",MUV,04-Feb-19,2,Yes,Drunken Driving,194201
242,261.png,RJ 27 TC 0530,452,337,587,388,Taniya Carpenter,"E1691 Rohini, Delhi, Delhi,110085,India", MPV,18-Mar-19,1,No,,344802
243,262.png,TN 19 TC 94,609,394,784,461,Fernanda Garza,"156  Opp Remson Co Ganesh Nagar Charkop Kandivli, Mumbai, Maharashtra,400067,India",SUV,01-May-19,1,No,,203787
244,263.png,KL 02 A,315,403,420,448,Joe Clayton,"A 107 1 St Flr Durian Estate Goregaon Mulund Link Rd Goregaon, Mumbai, Maharashtra,400063,India",Sedan,01-Jul-19,2,No,,107580
245,264.png,RJ 27 TC 0530,398,297,583,375,Simeon Ponce,"B 303 Pramukh Plaza Cardinal Gracious Road Opp P&G Plaza Chakala Andheri East, Mumbai, Maharashtra,400099,India",Hatchback ,19-Aug-19,1,No,,840815
246,265.png,MH.21.V.9926,168,358,286,388,Andrew Holder,"Shop No 6 Municipal Market, Delhi, Delhi,110001,India",Vintage,02-Sep-19,2,Yes,Distractions to Driver,228563
247,267.png,TN 21 (TC) 611,583,288,691,339,Mylee Bell,"G-2bgr Floor Nariman Bhavan Opp N C P A Nariman Point, Mumbai, Maharashtra,400021,India",Off-road vehicles,01-Jun-20,2,No,,208754
248,268.png,UP 50 AS 4535,399,427,613,487,Essence Crosby,"Shop No A/2 Sai Market 90 Feet Road Netaji Nagarkajupadasakinaka Andheri , Mumbai, Maharashtra,400072,India",Convertibles,14-Jun-20,2,No,,805138
249,269.png,HR 11F 7575,208,341,350,379,Lillie Hanna,"Room No 6 Adarsh Nagar 1 Shell Colony Rd Nr Adarsh Vidyalaya Chembur, Mumbai, Maharashtra,400071,India",Muscle car,08-Dec-20,1,Yes,Break Failure,829151
250,270.png,HR51 AY 9099,202,509,390,556,Alexis Cannon,"261  Champaklal Indl Estate Sion, Mumbai, Maharashtra,400022,India",Sports car,10-Apr-11,2,No,,765881
251,271.png,TN 42,347,351,451,393,Kaiden Strong,"45 / Ramkrishana Soc. Gulmohar Cross Road  Jvpd Scheme Juhu, Mumbai, Maharashtra,400049,India",Luxury car,05-Sep-11,1,No,,322810
252,272.png,UK07BA7252,159,452,354,500,Finley Dennis,"28 Jai Shri Siddhivinayak Chs Shivaji Ngr Thane , Mumbai, Maharashtra,400601,India",MUV,11-Nov-11,1,No,,907274
253,273.png,UP 16 CT 2233,178,584,342,625,Kenley Wilkins,"84 Temple Bells K M Munshi Road Chowpatty, Mumbai, Maharashtra,400007,India", MPV,19-Nov-11,1,No,,538547
254,274.png,CG 10 S 0650,688,370,813,444,Xander Short,"Jiva Devshi Niwas Ranade Rd Dadar, Mumbai, Maharashtra,400028,India",SUV,18-Dec-11,1,Yes,Red Light Jumping,508660
255,275.png,GJ05JH2501,134,299,242,330,Ariella Baldwin,"A-468/469 T.t.c.midc Indl. Area Thane Belapur Road Mahape, Mumbai, Maharashtra,400001,India",Sedan,02-Jan-12,1,No,,809045
256,276.png,GJ05JH2501,134,299,242,330,Santos Sanders,"185 I D A Pashamaylaram Medak Hyderabad, Bangalore, Karnataka,502307,India",Car Type,18-Jan-12,1,No,,239646
257,277.png,TN59BE 0939,227,464,339,490,Faith Christensen,"234 S.v.road Opp. Railway Station Andheri, Mumbai, Maharashtra,400058,India",Hatchback ,06-May-12,2,No,,843428
258,278.png,UP32 FH 2653,313,309,440,357,Lorelai Norton,"42 /-a Plot# E C R Road Kottivakkam, Chennai, Tamil Nadu,600041,India",Convertibles,16-Oct-12,1,No,,812903
259,279.png,RJ 27 TC 0530,236,231,319,251,Rowan Villanueva,"156  Opp Remson Co Ganesh Nagar Charkop Kandivli, Mumbai, Maharashtra,400067,India",Muscle car,03-Mar-13,2,Yes,Over Speeding,130906
260,280.png,KL 10 AV 6633,315,449,660,538,Raven Robertson,"Surti Mohalla 16 Tank Street Nagpada, Mumbai, Maharashtra,400008,India",Sports car,06-Apr-13,2,No,,757290
261,281.png,HR 26 TC 7303,313,336,405,368,Lizbeth Reid,"28  A I D Shukla Estate Shiv Vallabh X Road Dahisar , Mumbai, Maharashtra,400068,India",Luxury car,15-Jun-13,1,Yes,Drunken Driving,832471
262,283.png,TN 42 R 2697,80,87,551,181,Elsa Hansen,"915  th Floor Paigah Plaza Basheerbagh, Hyderabad, Andhra Pradesh,500029,India",MUV,17-Jun-13,2,No,,511047
263,284.png,TN 42 R 2697,212,140,352,231,Kamora Dunn,"By Appointment, Palakkad, Kerala,678002,India", MPV,30-Jun-13,1,No,,473702
264,285.png,RJ 27 TC 0530,183,202,271,222,Jordan Hawkins,"64 / Double Storey Ashok Nagar Flyover Tilak Nagar, Delhi, Delhi,110018,India",SUV,23-Sep-13,1,No,,326634
265,286.png,RJ 27 TC 0530,126,205,203,233,Eliezer Sandoval,"A 25 Eva Bldg Juhu Tara Rd Juhu, Mumbai, Maharashtra,400049,India",Sedan,21-Dec-13,1,No,,21385
266,287.png,RJ 27 TC 0530,150,214,235,242,Ally Cross,"209  G Jumbo Darshan Andheri , Mumbai, Maharashtra,400069,India",Vintage,29-Apr-14,1,Yes,Distractions to Driver,374278
267,288.png,KL 10 AV 6342,336,256,831,405,Troy Terrell,"106  Trimurti Tower Mahakali Caves Road Opp Home For The Aged Andheri , Mumbai, Maharashtra,400093,India",Off-road vehicles,03-Jul-14,2,No,,662918
268,290.png,HD02 NPO,466,286,558,345,Coleman Harrington,"30 / Navjivan Society Lamington Rd, Mumbai, Maharashtra,400008,India",Hatchback ,17-Nov-14,2,No,,200680
269,291.png,TN 21 TC 31,348,272,553,322,Lindsey Choi,"268  Wadia Bldg Princess Street New Marine Lines, Mumbai, Maharashtra,400002,India",Vintage,16-Dec-14,2,Yes,Break Failure,712042
270,292.png,RJ 27 TC 0530,711,348,771,369,Calvin Figueroa,"36  B Satyam Shopping Centre M G Rd Ghatkoper , Mumbai, Maharashtra,400077,India",Convertibles,15-Jan-15,2,No,,458346
271,293.png,RJ 27 TC 0530,509,215,676,301,Messiah Everett,"Liberty, Hyderabad, Andhra Pradesh,500027,India",Muscle car,17-Jan-15,1,No,,556334
272,294.png,RJ 27 TC 0530,355,217,421,243,Rohan Roach,"97 / Chakira Fly Over Ashoka Park, Delhi, Delhi,110005,India",Sports car,19-Jan-15,2,No,,395619
273,295.png,RJ 27 TC 0530,173,244,389,290,Denise Hubbard,"469  n S R Road N S R Rdsaibaba Colony, Coimbatore, Tamil Nadu,641011,India",Luxury car,19-Jun-15,1,No,,995637
274,296.png,TN 21 AT 0480,291,330,482,370,Sean Barry,"98  Thayar Sahib St Anna Road Ho, Chennai, Tamil Nadu,600002,India",MUV,26-Jul-15,1,Yes,Red Light Jumping,589615
275,297.png,TN 21 AT 0480,105,328,233,368,Natalya Ramsey,"Raj Mahal Apt Altamount Road Kemps Corner, Mumbai, Maharashtra,400026,India", MPV,28-Jun-11,1,No,,933767
276,298.png,KA04MN3622,210,374,371,416,Dayton Lee,"Pattani House 425 Kalbadevi Road Kalbadevi, Mumbai, Maharashtra,400002,India",SUV,01-Jul-11,1,No,,61815
277,299.png,DL14CTC0153,117,285,180,319,Paris Hancock,"33  Daulat Sagar  Nehru Road Santa Cruz , Mumbai, Maharashtra,400055,India",Sedan,30-Jun-12,2,No,,557848
278,300.png,DL 14 CTC 0153,351,303,561,444,Finnegan Burns,"Plot No 101 Okara House Sector 19 / C Vashi Navi Mumbai, Mumbai, Maharashtra,400705,India",Vintage,03-Jul-12,1,No,,19229
279,301.png,TN 21 AT 0479,422,309,500,341,Miles Bradshaw,"308  nd Floor   Sant Niwas Bldg S B S Rd, Mumbai, Maharashtra,400001,India",Off-road vehicles,10-Nov-12,1,Yes,Over Speeding,493331
280,302.png,TN 19 (tc) 91,320,364,543,421,Rowan Bailey,"180  Amargial Complex Thane H.o., Mumbai, Maharashtra,400601,India",Hatchback ,15-Feb-13,2,No,,133782
281,303.png,NEW-TERRANO,104,330,179,372,Jameson Nunez,"Shop No 1 Plot No 3 Type Bldg Sector 15 Nerul Navi Mumbai, Mumbai, Maharashtra,400706,India",Vintage,25-Jul-13,2,Yes,Drunken Driving,563989
282,304.png,MH-04 - TC Z - 326,346,517,498,594,Nylah Roman,"50 / Prabhadevi Indl Estate Near Siddhivinayak Temple Prabhadevi, Mumbai, Maharashtra,400025,India",Off-road vehicles,28-Sep-13,1,No,,318667
283,306.png,RJ 27 TC 0530,152,525,328,594,Ross Chase,"Unit No-9 162 Janata Indl Estate S B Marg Lower Parel, Mumbai, Maharashtra,400013,India",Convertibles,14-Oct-13,2,No,,250012
284,307.png,MH 03 CB 6467,258,314,399,348,Belinda Fischer,"109  nd Cross th Main Near Syndicate Bank Gandhi Nagar, Bangalore, Karnataka,560009,India",Muscle car,01-Dec-13,2,No,,843524
285,308.png,RJ 27 TC 0530,136,263,245,296,Lia Parrish,"90 / Punjab Industrial Est Thane, Mumbai, Maharashtra,400601,India",Sports car,11-Jan-14,2,No,,736100
286,309.png,AS 23 A 1254,84,130,132,148,Molly Rodgers,"E1691 Rohini, Delhi, Delhi,110085,India",Luxury car,31-Jan-14,2,Yes,Distractions to Driver,918884
287,311.png,TN 21 AT 0492,184,580,290,643,Kaila Krueger,"G 7 Sco 1 Faridabad, Delhi, Haryana,121001,India",MUV,14-Mar-14,2,No,,641216
288,312.png,TN 21 AT 0492,420,335,589,409,Adan Jefferson,"364  Vp Road Girgaon, Mumbai, Maharashtra,400004,India", MPV,16-Aug-14,1,No,,667841
289,313.png,RJ 27 TC 0530,166,241,274,271,Ryder Huynh,"35  Shalimar Gulmohar Cross Road J.v Road Juhu, Mumbai, Maharashtra,400049,India",SUV,04-Sep-14,1,Yes,Break Failure,857423
290,314.png,KL 63 C 8800,110,163,174,184,Alexis Goodwin,"3022  A Bima Complex Kalamboli, Mumbai, Maharashtra,410218,India",Sedan,13-Nov-14,1,No,,358189
291,315.png,DL 6 CM 6683,98,329,228,397,Dalton Glass,"Shop No 3 Shiv Krupa Commercial Ctr Gokhale Rd Naupada Naupada, Mumbai, Maharashtra,400602,India",Vintage,22-Nov-14,1,No,,462565
292,316.png,DL 6 CM 6683,305,362,408,392,Yesenia Barker,"B/33 Shanti Ganga Apts Opp Rly Station Bhayander, Mumbai, Maharashtra,401101,India",Off-road vehicles,28-Nov-14,2,No,,246356
293,317.png,RJ 27 TC 0530,148,218,230,248,Zariah Nunez,"332  / Dinath Bldg Opp Delhi Darbar Hotel Girgaum, Mumbai, Maharashtra,400004,India",Convertibles,09-Jan-15,1,No,,624109
294,318.png,RJ 27 TC 0530,427,261,537,288,Wendy Bruce,"Dr Pareeks Deafness Clinic Yashodhan Apt No 1 4 Bungalow Nr Signal Andheri , Mumbai, Maharashtra,400058,India",Muscle car,07-Apr-15,2,Yes,Red Light Jumping,383508
295,319.png,TN21AU7234,722,387,820,423,Jose Burch,"Shop No 12 Samrat ' A ' 314 L J Road Mahim, Mumbai, Maharashtra,400016,India",Sports car,23-Apr-15,1,No,,736978
296,320.png,RJ 27 TC 0530,327,204,397,229,Adolfo Norton,"364  Travasso Mansion  Sitla Devi Temple Road Mahim, Mumbai, Maharashtra,400016,India",Luxury car,18-May-15,1,No,,861938
297,321.png,KL 65 H 4383,273,265,680,341,Harper Berry,"519  Vertex Vikas Near Andheri Stn  Sir M.v.road Andheri , Mumbai, Maharashtra,400069,India",MUV,24-Jul-15,1,No,,598695
298,323.png,TN 19 H 3322,471,271,688,328,Alondra Marsh,"Gandhi Chawk Bazar Peth Kalyan, Mumbai, Maharashtra,421301,India", MPV,24-Oct-15,1,No,,852204
